Workbook
Name Slicer_Gender: #N/A
Name Slicer_Generation: #N/A
Name Slicer_month: #N/A
Name Slicer_Product_Category: #N/A
Name Slicer_Year: #N/A

Sheet Sheet1
A3: Product Category | B3: Generation | C3: Sum of Total Sales
A4: Beauty | B4: Adult | C4: 62780
B5: Senior | C5: 52060
B6: Young Adult | C6: 27175
A7: Beauty Total | C7: 142015
A8: Clothing | B8: Adult | C8: 79440
B9: Senior | C9: 50905
B10: Young Adult | C10: 25235
A11: Clothing Total | C11: 155580
A12: Electronics | B12: Adult | C12: 64350
B13: Senior | C13: 56535
B14: Young Adult | C14: 35990
A15: Electronics Total | C15: 156875
A16: Grand Total | C16: 454470

Sheet retail_sales_dataset
A1: Transaction ID | B1: Year | C1: month | D1: day | E1: day name | F1: month | H1: Date | I1: Customer ID | J1: Gender | K1: Age | L1: Generation | M1: Product Category | N1: Quantity | O1: Price per Unit | P1: Total Sales | Q1: Commission 2023
A2: 1 | B2: =YEAR(H2) -> 2023 | C2: =MONTH(H2) -> 11 | D2: =DAY(H2) -> 24 | E2: =TEXT(H2,"dddd") -> Friday | F2: =TEXT(H2,"mmmm") -> November | G2: =IF(OR(MONTH(H2)=11,MONTH(H2)=12),"show","") -> show | H2: 45254 | I2: CUST001 | J2: Male | K2: 64 | L2: {=_xlfn.IFS(K2>=50, "Senior", K2>=30, "Adult", K2<30, "Young Adult")} -> Senior | M2: Beauty | N2: 3 | O2: 50 | P2: =N2*O2 -> 150 | Q2: =(P2*$U$4) -> 2.25
A3: 2 | B3: =YEAR(H3) -> 2023 | C3: =MONTH(H3) -> 2 | D3: =DAY(H3) -> 27 | E3: =TEXT(H3,"dddd") -> Monday | F3: =TEXT(H3,"mmmm") -> February | H3: 44984 | I3: CUST002 | J3: Female | K3: 64 | L3: {=_xlfn.IFS(K3>=50, "Senior", K3>=30, "Adult", K3<30, "Young Adult")} -> Senior | M3: Clothing | N3: 2 | O3: 500 | P3: =N3*O3 -> 1000 | Q3: =(P3*$U$4) -> 15 | U3: Rate %
A4: 3 | B4: =YEAR(H4) -> 2023 | C4: =MONTH(H4) -> 1 | D4: =DAY(H4) -> 13 | E4: =TEXT(H4,"dddd") -> Friday | F4: =TEXT(H4,"mmmm") -> January | H4: 44939 | I4: CUST003 | J4: Male | K4: 64 | L4: {=_xlfn.IFS(K4>=50, "Senior", K4>=30, "Adult", K4<30, "Young Adult")} -> Senior | M4: Electronics | N4: 1 | O4: 30 | P4: =N4*O4 -> 30 | Q4: =(P4*$U$4) -> 0.45 | T4: Commisson Rate 2023 | U4: 0.015
A5: 4 | B5: =YEAR(H5) -> 2023 | C5: =MONTH(H5) -> 5 | D5: =DAY(H5) -> 21 | E5: =TEXT(H5,"dddd") -> Sunday | F5: =TEXT(H5,"mmmm") -> May | H5: 45067 | I5: CUST004 | J5: Male | K5: 64 | L5: {=_xlfn.IFS(K5>=50, "Senior", K5>=30, "Adult", K5<30, "Young Adult")} -> Senior | M5: Clothing | N5: 1 | O5: 500 | P5: =N5*O5 -> 500 | Q5: =(P5*$U$4) -> 7.5 | T5: Commisson Rate 2024 | U5: 0.02
A6: 5 | B6: =YEAR(H6) -> 2023 | C6: =MONTH(H6) -> 5 | D6: =DAY(H6) -> 6 | E6: =TEXT(H6,"dddd") -> Saturday | F6: =TEXT(H6,"mmmm") -> May | H6: 45052 | I6: CUST005 | J6: Male | K6: 64 | L6: {=_xlfn.IFS(K6>=50, "Senior", K6>=30, "Adult", K6<30, "Young Adult")} -> Senior | M6: Beauty | N6: 2 | O6: 50 | P6: =N6*O6 -> 100 | Q6: =(P6*$U$4) -> 1.5
A7: 6 | B7: =YEAR(H7) -> 2023 | C7: =MONTH(H7) -> 4 | D7: =DAY(H7) -> 25 | E7: =TEXT(H7,"dddd") -> Tuesday | F7: =TEXT(H7,"mmmm") -> April | H7: 45041 | I7: CUST006 | J7: Female | K7: 64 | L7: {=_xlfn.IFS(K7>=50, "Senior", K7>=30, "Adult", K7<30, "Young Adult")} -> Senior | M7: Beauty | N7: 1 | O7: 30 | P7: =N7*O7 -> 30 | Q7: =(P7*$U$4) -> 0.45
A8: 7 | B8: =YEAR(H8) -> 2023 | C8: =MONTH(H8) -> 3 | D8: =DAY(H8) -> 13 | E8: =TEXT(H8,"dddd") -> Monday | F8: =TEXT(H8,"mmmm") -> March | H8: 44998 | I8: CUST007 | J8: Male | K8: 64 | L8: {=_xlfn.IFS(K8>=50, "Senior", K8>=30, "Adult", K8<30, "Young Adult")} -> Senior | M8: Clothing | N8: 2 | O8: 25 | P8: =N8*O8 -> 50 | Q8: =(P8*$U$4) -> 0.75
A9: 8 | B9: =YEAR(H9) -> 2023 | C9: =MONTH(H9) -> 2 | D9: =DAY(H9) -> 22 | E9: =TEXT(H9,"dddd") -> Wednesday | F9: =TEXT(H9,"mmmm") -> February | H9: 44979 | I9: CUST008 | J9: Male | K9: 64 | L9: {=_xlfn.IFS(K9>=50, "Senior", K9>=30, "Adult", K9<30, "Young Adult")} -> Senior | M9: Electronics | N9: 4 | O9: 25 | P9: =N9*O9 -> 100 | Q9: =(P9*$U$4) -> 1.5
A10: 9 | B10: =YEAR(H10) -> 2023 | C10: =MONTH(H10) -> 12 | D10: =DAY(H10) -> 13 | E10: =TEXT(H10,"dddd") -> Wednesday | F10: =TEXT(H10,"mmmm") -> December | H10: 45273 | I10: CUST009 | J10: Male | K10: 64 | L10: {=_xlfn.IFS(K10>=50, "Senior", K10>=30, "Adult", K10<30, "Young Adult")} -> Senior | M10: Electronics | N10: 2 | O10: 300 | P10: =N10*O10 -> 600 | Q10: =(P10*$U$4) -> 9 | U10: Total Sales | X10: Commission Total 2023 | Y10: =SUM(Q2:Q1000) -> 6839.55
A11: 10 | B11: =YEAR(H11) -> 2023 | C11: =MONTH(H11) -> 10 | D11: =DAY(H11) -> 7 | E11: =TEXT(H11,"dddd") -> Saturday | F11: =TEXT(H11,"mmmm") -> October | H11: 45206 | I11: CUST010 | J11: Female | K11: 64 | L11: {=_xlfn.IFS(K11>=50, "Senior", K11>=30, "Adult", K11<30, "Young Adult")} -> Senior | M11: Clothing | N11: 4 | O11: 50 | P11: =N11*O11 -> 200 | Q11: =(P11*$U$4) -> 3 | T11: All Products | U11: =SUM(P:P) -> 456000
A12: 11 | B12: =YEAR(H12) -> 2023 | C12: =MONTH(H12) -> 2 | D12: =DAY(H12) -> 14 | E12: =TEXT(H12,"dddd") -> Tuesday | F12: =TEXT(H12,"mmmm") -> February | H12: 44971 | I12: CUST011 | J12: Male | K12: 64 | L12: {=_xlfn.IFS(K12>=50, "Senior", K12>=30, "Adult", K12<30, "Young Adult")} -> Senior | M12: Clothing | N12: 2 | O12: 50 | P12: =N12*O12 -> 100 | Q12: =(P12*$U$4) -> 1.5
A13: 12 | B13: =YEAR(H13) -> 2023 | C13: =MONTH(H13) -> 10 | D13: =DAY(H13) -> 30 | E13: =TEXT(H13,"dddd") -> Monday | F13: =TEXT(H13,"mmmm") -> October | H13: 45229 | I13: CUST012 | J13: Male | K13: 64 | L13: {=_xlfn.IFS(K13>=50, "Senior", K13>=30, "Adult", K13<30, "Young Adult")} -> Senior | M13: Beauty | N13: 3 | O13: 25 | P13: =N13*O13 -> 75 | Q13: =(P13*$U$4) -> 1.125 | U13: Total Sales | V13: Average Sales | X13: Average 2023 | Y13: =AVERAGE(Q2:Q1000) -> 6.8463964
A14: 13 | B14: =YEAR(H14) -> 2023 | C14: =MONTH(H14) -> 8 | D14: =DAY(H14) -> 5 | E14: =TEXT(H14,"dddd") -> Saturday | F14: =TEXT(H14,"mmmm") -> August | H14: 45143 | I14: CUST013 | J14: Male | K14: 64 | L14: {=_xlfn.IFS(K14>=50, "Senior", K14>=30, "Adult", K14<30, "Young Adult")} -> Senior | M14: Electronics | N14: 3 | O14: 500 | P14: =N14*O14 -> 1500 | Q14: =(P14*$U$4) -> 22.5 | T14: {=_xlfn.UNIQUE(M1:M1001)} -> Product Category | V14: =AVERAGE(P:P) -> 456
A15: 14 | B15: =YEAR(H15) -> 2023 | C15: =MONTH(H15) -> 1 | D15: =DAY(H15) -> 17 | E15: =TEXT(H15,"dddd") -> Tuesday | F15: =TEXT(H15,"mmmm") -> January | H15: 44943 | I15: CUST014 | J15: Male | K15: 64 | L15: {=_xlfn.IFS(K15>=50, "Senior", K15>=30, "Adult", K15<30, "Young Adult")} -> Senior | M15: Clothing | N15: 4 | O15: 30 | P15: =N15*O15 -> 120 | Q15: =(P15*$U$4) -> 1.8 | T15: Beauty | U15: =SUMIF(M:M, "beauty", P:P) -> 143515 | W15: =AVERAGEIF($M:$M, T15, $P:$P) -> 467.47557
A16: 15 | B16: =YEAR(H16) -> 2023 | C16: =MONTH(H16) -> 1 | D16: =DAY(H16) -> 16 | E16: =TEXT(H16,"dddd") -> Monday | F16: =TEXT(H16,"mmmm") -> January | H16: 44942 | I16: CUST015 | J16: Female | K16: 64 | L16: {=_xlfn.IFS(K16>=50, "Senior", K16>=30, "Adult", K16<30, "Young Adult")} -> Senior | M16: Electronics | N16: 4 | O16: 500 | P16: =N16*O16 -> 2000 | Q16: =(P16*$U$4) -> 30 | T16: Clothing | U16: =SUMIF(M:M, "Clothing", P:P) -> 155580 | W16: =AVERAGEIF($M:$M, T16, $P:$P) -> 443.24786
A17: 16 | B17: =YEAR(H17) -> 2023 | C17: =MONTH(H17) -> 2 | D17: =DAY(H17) -> 17 | E17: =TEXT(H17,"dddd") -> Friday | F17: =TEXT(H17,"mmmm") -> February | H17: 44974 | I17: CUST016 | J17: Male | K17: 64 | L17: {=_xlfn.IFS(K17>=50, "Senior", K17>=30, "Adult", K17<30, "Young Adult")} -> Senior | M17: Clothing | N17: 3 | O17: 500 | P17: =N17*O17 -> 1500 | Q17: =(P17*$U$4) -> 22.5 | T17: Electronics | U17: =SUMIF(M:M, "Electronics", P:P) -> 156905 | W17: =AVERAGEIF($M:$M, T17, $P:$P) -> 458.78655
A18: 17 | B18: =YEAR(H18) -> 2023 | C18: =MONTH(H18) -> 4 | D18: =DAY(H18) -> 22 | E18: =TEXT(H18,"dddd") -> Saturday | F18: =TEXT(H18,"mmmm") -> April | H18: 45038 | I18: CUST017 | J18: Female | K18: 64 | L18: {=_xlfn.IFS(K18>=50, "Senior", K18>=30, "Adult", K18<30, "Young Adult")} -> Senior | M18: Clothing | N18: 4 | O18: 25 | P18: =N18*O18 -> 100 | Q18: =(P18*$U$4) -> 1.5
A19: 18 | B19: =YEAR(H19) -> 2023 | C19: =MONTH(H19) -> 4 | D19: =DAY(H19) -> 30 | E19: =TEXT(H19,"dddd") -> Sunday | F19: =TEXT(H19,"mmmm") -> April | H19: 45046 | I19: CUST018 | J19: Female | K19: 64 | L19: {=_xlfn.IFS(K19>=50, "Senior", K19>=30, "Adult", K19<30, "Young Adult")} -> Senior | M19: Electronics | N19: 2 | O19: 25 | P19: =N19*O19 -> 50 | Q19: =(P19*$U$4) -> 0.75 | V19: Female | X19: Male
A20: 19 | B20: =YEAR(H20) -> 2023 | C20: =MONTH(H20) -> 9 | D20: =DAY(H20) -> 16 | E20: =TEXT(H20,"dddd") -> Saturday | F20: =TEXT(H20,"mmmm") -> September | H20: 45185 | I20: CUST019 | J20: Female | K20: 64 | L20: {=_xlfn.IFS(K20>=50, "Senior", K20>=30, "Adult", K20<30, "Young Adult")} -> Senior | M20: Clothing | N20: 2 | O20: 25 | P20: =N20*O20 -> 50 | Q20: =(P20*$U$4) -> 0.75 | U20: Beauty | V20: =SUMIFS(N:N, M:M, "Beauty", J:J, "Female") -> 418 | X20: =SUMIFS(N:N, M:M, "Beauty", J:J, "male") -> 353
A21: 20 | B21: =YEAR(H21) -> 2023 | C21: =MONTH(H21) -> 11 | D21: =DAY(H21) -> 5 | E21: =TEXT(H21,"dddd") -> Sunday | F21: =TEXT(H21,"mmmm") -> November | H21: 45235 | I21: CUST020 | J21: Male | K21: 64 | L21: {=_xlfn.IFS(K21>=50, "Senior", K21>=30, "Adult", K21<30, "Young Adult")} -> Senior | M21: Clothing | N21: 3 | O21: 300 | P21: =N21*O21 -> 900 | Q21: =(P21*$U$4) -> 13.5 | U21: Clothing | V21: =SUMIFS(N:N, M:M, "Clothing", J:J, "Female") -> 441 | X21: =SUMIFS(N:N, M:M, "clothing", J:J, "male") -> 453
A22: 21 | B22: =YEAR(H22) -> 2023 | C22: =MONTH(H22) -> 1 | D22: =DAY(H22) -> 14 | E22: =TEXT(H22,"dddd") -> Saturday | F22: =TEXT(H22,"mmmm") -> January | H22: 44940 | I22: CUST021 | J22: Female | K22: 64 | L22: {=_xlfn.IFS(K22>=50, "Senior", K22>=30, "Adult", K22<30, "Young Adult")} -> Senior | M22: Beauty | N22: 1 | O22: 500 | P22: =N22*O22 -> 500 | Q22: =(P22*$U$4) -> 7.5 | U22: Electronics | V22: =SUMIFS(N:N, M:M, "Electronics", J:J, "Female") -> 439 | X22: =SUMIFS(N:N, M:M, "electronics", J:J, "male") -> 410
A23: 22 | B23: =YEAR(H23) -> 2023 | C23: =MONTH(H23) -> 10 | D23: =DAY(H23) -> 15 | E23: =TEXT(H23,"dddd") -> Sunday | F23: =TEXT(H23,"mmmm") -> October | H23: 45214 | I23: CUST022 | J23: Male | K23: 64 | L23: {=_xlfn.IFS(K23>=50, "Senior", K23>=30, "Adult", K23<30, "Young Adult")} -> Senior | M23: Clothing | N23: 2 | O23: 50 | P23: =N23*O23 -> 100 | Q23: =(P23*$U$4) -> 1.5
A24: 23 | B24: =YEAR(H24) -> 2023 | C24: =MONTH(H24) -> 4 | D24: =DAY(H24) -> 12 | E24: =TEXT(H24,"dddd") -> Wednesday | F24: =TEXT(H24,"mmmm") -> April | H24: 45028 | I24: CUST023 | J24: Female | K24: 64 | L24: {=_xlfn.IFS(K24>=50, "Senior", K24>=30, "Adult", K24<30, "Young Adult")} -> Senior | M24: Clothing | N24: 4 | O24: 30 | P24: =N24*O24 -> 120 | Q24: =(P24*$U$4) -> 1.8
A25: 24 | B25: =YEAR(H25) -> 2023 | C25: =MONTH(H25) -> 11 | D25: =DAY(H25) -> 29 | E25: =TEXT(H25,"dddd") -> Wednesday | F25: =TEXT(H25,"mmmm") -> November | H25: 45259 | I25: CUST024 | J25: Female | K25: 64 | L25: {=_xlfn.IFS(K25>=50, "Senior", K25>=30, "Adult", K25<30, "Young Adult")} -> Senior | M25: Clothing | N25: 1 | O25: 300 | P25: =N25*O25 -> 300 | Q25: =(P25*$U$4) -> 4.5
A26: 25 | B26: =YEAR(H26) -> 2023 | C26: =MONTH(H26) -> 12 | D26: =DAY(H26) -> 26 | E26: =TEXT(H26,"dddd") -> Tuesday | F26: =TEXT(H26,"mmmm") -> December | H26: 45286 | I26: CUST025 | J26: Female | K26: 64 | L26: {=_xlfn.IFS(K26>=50, "Senior", K26>=30, "Adult", K26<30, "Young Adult")} -> Senior | M26: Beauty | N26: 1 | O26: 50 | P26: =N26*O26 -> 50 | Q26: =(P26*$U$4) -> 0.75
A27: 26 | B27: =YEAR(H27) -> 2023 | C27: =MONTH(H27) -> 10 | D27: =DAY(H27) -> 7 | E27: =TEXT(H27,"dddd") -> Saturday | F27: =TEXT(H27,"mmmm") -> October | H27: 45206 | I27: CUST026 | J27: Female | K27: 64 | L27: {=_xlfn.IFS(K27>=50, "Senior", K27>=30, "Adult", K27<30, "Young Adult")} -> Senior | M27: Electronics | N27: 2 | O27: 500 | P27: =N27*O27 -> 1000 | Q27: =(P27*$U$4) -> 15
A28: 27 | B28: =YEAR(H28) -> 2023 | C28: =MONTH(H28) -> 8 | D28: =DAY(H28) -> 3 | E28: =TEXT(H28,"dddd") -> Thursday | F28: =TEXT(H28,"mmmm") -> August | H28: 45141 | I28: CUST027 | J28: Female | K28: 64 | L28: {=_xlfn.IFS(K28>=50, "Senior", K28>=30, "Adult", K28<30, "Young Adult")} -> Senior | M28: Beauty | N28: 2 | O28: 25 | P28: =N28*O28 -> 50 | Q28: =(P28*$U$4) -> 0.75
A29: 28 | B29: =YEAR(H29) -> 2023 | C29: =MONTH(H29) -> 4 | D29: =DAY(H29) -> 23 | E29: =TEXT(H29,"dddd") -> Sunday | F29: =TEXT(H29,"mmmm") -> April | H29: 45039 | I29: CUST028 | J29: Female | K29: 64 | L29: {=_xlfn.IFS(K29>=50, "Senior", K29>=30, "Adult", K29<30, "Young Adult")} -> Senior | M29: Beauty | N29: 1 | O29: 500 | P29: =N29*O29 -> 500 | Q29: =(P29*$U$4) -> 7.5
A30: 29 | B30: =YEAR(H30) -> 2023 | C30: =MONTH(H30) -> 8 | D30: =DAY(H30) -> 18 | E30: =TEXT(H30,"dddd") -> Friday | F30: =TEXT(H30,"mmmm") -> August | H30: 45156 | I30: CUST029 | J30: Female | K30: 64 | L30: {=_xlfn.IFS(K30>=50, "Senior", K30>=30, "Adult", K30<30, "Young Adult")} -> Senior | M30: Electronics | N30: 1 | O30: 30 | P30: =N30*O30 -> 30 | Q30: =(P30*$U$4) -> 0.45
A31: 30 | B31: =YEAR(H31) -> 2023 | C31: =MONTH(H31) -> 10 | D31: =DAY(H31) -> 29 | E31: =TEXT(H31,"dddd") -> Sunday | F31: =TEXT(H31,"mmmm") -> October | H31: 45228 | I31: CUST030 | J31: Female | K31: 64 | L31: {=_xlfn.IFS(K31>=50, "Senior", K31>=30, "Adult", K31<30, "Young Adult")} -> Senior | M31: Beauty | N31: 3 | O31: 300 | P31: =N31*O31 -> 900 | Q31: =(P31*$U$4) -> 13.5
A32: 31 | B32: =YEAR(H32) -> 2023 | C32: =MONTH(H32) -> 5 | D32: =DAY(H32) -> 23 | E32: =TEXT(H32,"dddd") -> Tuesday | F32: =TEXT(H32,"mmmm") -> May | H32: 45069 | I32: CUST031 | J32: Male | K32: 64 | L32: {=_xlfn.IFS(K32>=50, "Senior", K32>=30, "Adult", K32<30, "Young Adult")} -> Senior | M32: Electronics | N32: 4 | O32: 300 | P32: =N32*O32 -> 1200 | Q32: =(P32*$U$4) -> 18
A33: 32 | B33: =YEAR(H33) -> 2023 | C33: =MONTH(H33) -> 1 | D33: =DAY(H33) -> 4 | E33: =TEXT(H33,"dddd") -> Wednesday | F33: =TEXT(H33,"mmmm") -> January | H33: 44930 | I33: CUST032 | J33: Male | K33: 63 | L33: {=_xlfn.IFS(K33>=50, "Senior", K33>=30, "Adult", K33<30, "Young Adult")} -> Senior | M33: Beauty | N33: 3 | O33: 30 | P33: =N33*O33 -> 90 | Q33: =(P33*$U$4) -> 1.35
A34: 33 | B34: =YEAR(H34) -> 2023 | C34: =MONTH(H34) -> 3 | D34: =DAY(H34) -> 23 | E34: =TEXT(H34,"dddd") -> Thursday | F34: =TEXT(H34,"mmmm") -> March | H34: 45008 | I34: CUST033 | J34: Female | K34: 63 | L34: {=_xlfn.IFS(K34>=50, "Senior", K34>=30, "Adult", K34<30, "Young Adult")} -> Senior | M34: Electronics | N34: 2 | O34: 50 | P34: =N34*O34 -> 100 | Q34: =(P34*$U$4) -> 1.5
... A1001: 650 | B1001: =YEAR(H1001) -> 2024 | C1001: =MONTH(H1001) -> 1 | D1001: =DAY(H1001) -> 1 | E1001: =TEXT(H1001,"dddd") -> Monday | F1001: =TEXT(H1001,"mmmm") -> January | H1001: 45292 | I1001: CUST650 | J1001: Male | K1001: 34 | L1001: {=_xlfn.IFS(K1001>=50, "Senior", K1001>=30, "Adult", K1001<30, "Young Adult")} -> Adult | M1001: Electronics | N1001: 1 | O1001: 30 | P1001: =N1001*O1001 -> 30 | Q1001: =(P1001*$U$4) -> 0.45
F1002: =TEXT(H1002,"mmmm") -> January
F1003: =TEXT(H1003,"mmmm") -> January
F1004: =TEXT(H1004,"mmmm") -> January

Sheet Transactions
A1: Transaction ID | B1: Total Sales | C1: Product category | D1: Concentate
A2: 10 | B2: =VLOOKUP(A2, retail_sales_dataset!$A$1:$R$1001, 14, FALSE) -> 4 | C2: =VLOOKUP(A2, retail_sales_dataset!$A$1:$R$1001, 11, FALSE) -> 64 | D2: =CONCATENATE(B2," ",C2) -> 4 64
A3: 15 | B3: =VLOOKUP(A3, retail_sales_dataset!$A$1:$R$1001, 14, FALSE) -> 4 | C3: =VLOOKUP(A3, retail_sales_dataset!$A$1:$R$1001, 11, FALSE) -> 64 | D3: =CONCATENATE(B3," ",C3) -> 4 64
A4: 25 | B4: =VLOOKUP(A4, retail_sales_dataset!$A$1:$R$1001, 14, FALSE) -> 1 | C4: =VLOOKUP(A4, retail_sales_dataset!$A$1:$R$1001, 11, FALSE) -> 64 | D4: =CONCATENATE(B4," ",C4) -> 1 64
A5: 30 | B5: =VLOOKUP(A5, retail_sales_dataset!$A$1:$R$1001, 14, FALSE) -> 3 | C5: =VLOOKUP(A5, retail_sales_dataset!$A$1:$R$1001, 11, FALSE) -> 64 | D5: =CONCATENATE(B5," ",C5) -> 3 64
A6: 54 | B6: =VLOOKUP(A6, retail_sales_dataset!$A$1:$R$1001, 14, FALSE) -> 3 | C6: =VLOOKUP(A6, retail_sales_dataset!$A$1:$R$1001, 11, FALSE) -> 62 | D6: =CONCATENATE(B6," ",C6) -> 3 62
A7: 55 | B7: =VLOOKUP(A7, retail_sales_dataset!$A$1:$R$1001, 14, FALSE) -> 4 | C7: =VLOOKUP(A7, retail_sales_dataset!$A$1:$R$1001, 11, FALSE) -> 62 | D7: =CONCATENATE(B7," ",C7) -> 4 62
A8: 67 | B8: =VLOOKUP(A8, retail_sales_dataset!$A$1:$R$1001, 14, FALSE) -> 4 | C8: =VLOOKUP(A8, retail_sales_dataset!$A$1:$R$1001, 11, FALSE) -> 62 | D8: =CONCATENATE(B8," ",C8) -> 4 62
A9: 89 | B9: =VLOOKUP(A9, retail_sales_dataset!$A$1:$R$1001, 14, FALSE) -> 4 | C9: =VLOOKUP(A9, retail_sales_dataset!$A$1:$R$1001, 11, FALSE) -> 61 | D9: =CONCATENATE(B9," ",C9) -> 4 61
A10: 100 | B10: =VLOOKUP(A10, retail_sales_dataset!$A$1:$R$1001, 14, FALSE) -> 1 | C10: =VLOOKUP(A10, retail_sales_dataset!$A$1:$R$1001, 11, FALSE) -> 60 | D10: =CONCATENATE(B10," ",C10) -> 1 60
A13: =COUNT(A2:A10) -> 9 | B13: =COUNT(B2:B10) -> 9 | C13: =COUNT(C2:C10) -> 9 | D13: =COUNT(D2:D10) -> 0
